name,generation,national_number,type1,type2,species,height,weight,base_hp,base_attack,base_defense,base_sp_attack,base_sp_defence,base_speed,min_hp,min_attack,min_defense,min_sp_attack,min_sp_defence,min_speed,max_hp,max_attack,max_defense,max_sp_attack,max_sp_defence,max_speed,image_url,url
Bulbasaur,Generation 1,0001,GRASS,POISON,Seed Pokémon,0.7 m (2′04″),6.9 kg (15.2 lbs),45,49,49,65,65,45,200,92,92,121,121,85,294,216,216,251,251,207,https://img.pokemondb.net/artwork/bulbasaur.jpg,https://pokemondb.net/pokedex/bulbasaur
Ivysaur,Generation 1,0002,GRASS,POISON,Seed Pokémon,1.0 m (3′03″),13.0 kg (28.7 lbs),60,62,63,80,80,60,230,116,117,148,148,112,324,245,247,284,284,240,https://img.pokemondb.net/artwork/ivysaur.jpg,https://pokemondb.net/pokedex/ivysaur
Venusaur,Generation 1,0003,GRASS,POISON,Seed Pokémon,2.0 m (6′07″),100.0 kg (220.5 lbs),80,82,83,100,100,80,270,152,153,184,184,148,364,289,291,328,328,284,https://img.pokemondb.net/artwork/venusaur.jpg,https://pokemondb.net/pokedex/venusaur
Charmander,Generation 1,0004,FIRE,,Lizard Pokémon,0.6 m (2′00″),8.5 kg (18.7 lbs),39,52,43,60,50,65,188,98,81,112,94,121,282,223,203,240,218,251,https://img.pokemondb.net/artwork/charmander.jpg,https://pokemondb.net/pokedex/charmander
Charmeleon,Generation 1,0005,FIRE,,Flame Pokémon,1.1 m (3′07″),19.0 kg (41.9 lbs),58,64,58,80,65,80,226,119,108,148,121,148,320,249,236,284,251,284,https://img.pokemondb.net/artwork/charmeleon.jpg,https://pokemondb.net/pokedex/charmeleon
Charizard,Generation 1,0006,FIRE,FLYING,Flame Pokémon,1.7 m (5′07″),90.5 kg (199.5 lbs),78,84,78,109,85,100,266,155,144,200,157,184,360,293,280,348,295,328,https://img.pokemondb.net/artwork/charizard.jpg,https://pokemondb.net/pokedex/charizard
Squirtle,Generation 1,0007,WATER,,Tiny Turtle Pokémon,0.5 m (1′08″),9.0 kg (19.8 lbs),44,48,65,50,64,43,198,90,121,94,119,81,292,214,251,218,249,203,https://img.pokemondb.net/artwork/squirtle.jpg,https://pokemondb.net/pokedex/squirtle
Wartortle,Generation 1,0008,WATER,,Turtle Pokémon,1.0 m (3′03″),22.5 kg (49.6 lbs),59,63,80,65,80,58,228,117,148,121,148,108,322,247,284,251,284,236,https://img.pokemondb.net/artwork/wartortle.jpg,https://pokemondb.net/pokedex/wartortle
Blastoise,Generation 1,0009,WATER,,Shellfish Pokémon,1.6 m (5′03″),85.5 kg (188.5 lbs),79,83,100,85,105,78,268,153,184,157,193,144,362,291,328,295,339,280,https://img.pokemondb.net/artwork/blastoise.jpg,https://pokemondb.net/pokedex/blastoise
Caterpie,Generation 1,0010,BUG,,Worm Pokémon,0.3 m (1′00″),2.9 kg (6.4 lbs),45,30,35,20,20,45,200,58,67,40,40,85,294,174,185,152,152,207,https://img.pokemondb.net/artwork/caterpie.jpg,https://pokemondb.net/pokedex/caterpie
Metapod,Generation 1,0011,BUG,,Cocoon Pokémon,0.7 m (2′04″),9.9 kg (21.8 lbs),50,20,55,25,25,30,210,40,103,49,49,58,304,152,229,163,163,174,https://img.pokemondb.net/artwork/metapod.jpg,https://pokemondb.net/pokedex/metapod
Butterfree,Generation 1,0012,BUG,FLYING,Butterfly Pokémon,1.1 m (3′07″),32.0 kg (70.5 lbs),60,45,50,90,80,70,230,85,94,166,148,130,324,207,218,306,284,262,https://img.pokemondb.net/artwork/butterfree.jpg,https://pokemondb.net/pokedex/butterfree
Weedle,Generation 1,0013,BUG,POISON,Hairy Bug Pokémon,0.3 m (1′00″),3.2 kg (7.1 lbs),40,35,30,20,20,50,190,67,58,40,40,94,284,185,174,152,152,218,https://img.pokemondb.net/artwork/weedle.jpg,https://pokemondb.net/pokedex/weedle
Kakuna,Generation 1,0014,BUG,POISON,Cocoon Pokémon,0.6 m (2′00″),10.0 kg (22.0 lbs),45,25,50,25,25,35,200,49,94,49,49,67,294,163,218,163,163,185,https://img.pokemondb.net/artwork/kakuna.jpg,https://pokemondb.net/pokedex/kakuna
Beedrill,Generation 1,0015,BUG,POISON,Poison Bee Pokémon,1.0 m (3′03″),29.5 kg (65.0 lbs),65,90,40,45,80,75,240,166,76,85,148,139,334,306,196,207,284,273,https://img.pokemondb.net/artwork/beedrill.jpg,https://pokemondb.net/pokedex/beedrill
Pidgey,Generation 1,0016,NORMAL,FLYING,Tiny Bird Pokémon,0.3 m (1′00″),1.8 kg (4.0 lbs),40,45,40,35,35,56,190,85,76,67,67,105,284,207,196,185,185,232,https://img.pokemondb.net/artwork/pidgey.jpg,https://pokemondb.net/pokedex/pidgey
Pidgeotto,Generation 1,0017,NORMAL,FLYING,Bird Pokémon,1.1 m (3′07″),30.0 kg (66.1 lbs),63,60,55,50,50,71,236,112,103,94,94,132,330,240,229,218,218,265,https://img.pokemondb.net/artwork/pidgeotto.jpg,https://pokemondb.net/pokedex/pidgeotto
Pidgeot,Generation 1,0018,NORMAL,FLYING,Bird Pokémon,1.5 m (4′11″),39.5 kg (87.1 lbs),83,80,75,70,70,101,276,148,139,130,130,186,370,284,273,262,262,331,https://img.pokemondb.net/artwork/pidgeot.jpg,https://pokemondb.net/pokedex/pidgeot
Rattata,Generation 1,0019,NORMAL,,Mouse Pokémon,0.3 m (1′00″),3.5 kg (7.7 lbs),30,56,35,25,35,72,170,105,67,49,67,134,264,232,185,163,185,267,https://img.pokemondb.net/artwork/rattata.jpg,https://pokemondb.net/pokedex/rattata
Raticate,Generation 1,0020,NORMAL,,Mouse Pokémon,0.7 m (2′04″),18.5 kg (40.8 lbs),55,81,60,50,70,97,220,150,112,94,130,179,314,287,240,218,262,322,https://img.pokemondb.net/artwork/raticate.jpg,https://pokemondb.net/pokedex/raticate
Spearow,Generation 1,0021,NORMAL,FLYING,Tiny Bird Pokémon,0.3 m (1′00″),2.0 kg (4.4 lbs),40,60,30,31,31,70,190,112,58,60,60,130,284,240,174,177,177,262,https://img.pokemondb.net/artwork/spearow.jpg,https://pokemondb.net/pokedex/spearow
Fearow,Generation 1,0022,NORMAL,FLYING,Beak Pokémon,1.2 m (3′11″),38.0 kg (83.8 lbs),65,90,65,61,61,100,240,166,121,114,114,184,334,306,251,243,243,328,https://img.pokemondb.net/artwork/fearow.jpg,https://pokemondb.net/pokedex/fearow
Ekans,Generation 1,0023,POISON,,Snake Pokémon,2.0 m (6′07″),6.9 kg (15.2 lbs),35,60,44,40,54,55,180,112,83,76,101,103,274,240,205,196,227,229,https://img.pokemondb.net/artwork/ekans.jpg,https://pokemondb.net/pokedex/ekans
Arbok,Generation 1,0024,POISON,,Cobra Pokémon,3.5 m (11′06″),65.0 kg (143.3 lbs),60,95,69,65,79,80,230,175,128,121,146,148,324,317,260,251,282,284,https://img.pokemondb.net/artwork/arbok.jpg,https://pokemondb.net/pokedex/arbok
Pikachu,Generation 1,0025,ELECTRIC,,Mouse Pokémon,0.4 m (1′04″),6.0 kg (13.2 lbs),35,55,40,50,50,90,180,103,76,94,94,166,274,229,196,218,218,306,https://img.pokemondb.net/artwork/pikachu.jpg,https://pokemondb.net/pokedex/pikachu
Raichu,Generation 1,0026,ELECTRIC,,Mouse Pokémon,0.8 m (2′07″),30.0 kg (66.1 lbs),60,90,55,90,80,110,230,166,103,166,148,202,324,306,229,306,284,350,https://img.pokemondb.net/artwork/raichu.jpg,https://pokemondb.net/pokedex/raichu
Sandshrew,Generation 1,0027,GROUND,,Mouse Pokémon,0.6 m (2′00″),12.0 kg (26.5 lbs),50,75,85,20,30,40,210,139,157,40,58,76,304,273,295,152,174,196,https://img.pokemondb.net/artwork/sandshrew.jpg,https://pokemondb.net/pokedex/sandshrew
Sandslash,Generation 1,0028,GROUND,,Mouse Pokémon,1.0 m (3′03″),29.5 kg (65.0 lbs),75,100,110,45,55,65,260,184,202,85,103,121,354,328,350,207,229,251,https://img.pokemondb.net/artwork/sandslash.jpg,https://pokemondb.net/pokedex/sandslash
Nidoran♀ (female),Generation 1,0029,POISON,,Poison Pin Pokémon,0.4 m (1′04″),7.0 kg (15.4 lbs),55,47,52,40,40,41,220,89,98,76,76,78,314,212,223,196,196,199,https://img.pokemondb.net/artwork/nidoran-f.jpg,https://pokemondb.net/pokedex/nidoran-f
Nidorina,Generation 1,0030,POISON,,Poison Pin Pokémon,0.8 m (2′07″),20.0 kg (44.1 lbs),70,62,67,55,55,56,250,116,125,103,103,105,344,245,256,229,229,232,https://img.pokemondb.net/artwork/nidorina.jpg,https://pokemondb.net/pokedex/nidorina
Nidoqueen,Generation 1,0031,POISON,GROUND,Drill Pokémon,1.3 m (4′03″),60.0 kg (132.3 lbs),90,92,87,75,85,76,290,170,161,139,157,141,384,311,300,273,295,276,https://img.pokemondb.net/artwork/nidoqueen.jpg,https://pokemondb.net/pokedex/nidoqueen
Nidoran♂ (male),Generation 1,0032,POISON,,Poison Pin Pokémon,0.5 m (1′08″),9.0 kg (19.8 lbs),46,57,40,40,40,50,202,107,76,76,76,94,296,234,196,196,196,218,https://img.pokemondb.net/artwork/nidoran-m.jpg,https://pokemondb.net/pokedex/nidoran-m
Nidorino,Generation 1,0033,POISON,,Poison Pin Pokémon,0.9 m (2′11″),19.5 kg (43.0 lbs),61,72,57,55,55,65,232,134,107,103,103,121,326,267,234,229,229,251,https://img.pokemondb.net/artwork/nidorino.jpg,https://pokemondb.net/pokedex/nidorino
Nidoking,Generation 1,0034,POISON,GROUND,Drill Pokémon,1.4 m (4′07″),62.0 kg (136.7 lbs),81,102,77,85,75,85,272,188,143,157,139,157,366,333,278,295,273,295,https://img.pokemondb.net/artwork/nidoking.jpg,https://pokemondb.net/pokedex/nidoking
Clefairy,Generation 1,0035,FAIRY,,Fairy Pokémon,0.6 m (2′00″),7.5 kg (16.5 lbs),70,45,48,60,65,35,250,85,90,112,121,67,344,207,214,240,251,185,https://img.pokemondb.net/artwork/clefairy.jpg,https://pokemondb.net/pokedex/clefairy
Clefable,Generation 1,0036,FAIRY,,Fairy Pokémon,1.3 m (4′03″),40.0 kg (88.2 lbs),95,70,73,95,90,60,300,130,135,175,166,112,394,262,269,317,306,240,https://img.pokemondb.net/artwork/clefable.jpg,https://pokemondb.net/pokedex/clefable
Vulpix,Generation 1,0037,FIRE,,Fox Pokémon,0.6 m (2′00″),9.9 kg (21.8 lbs),38,41,40,50,65,65,186,78,76,94,121,121,280,199,196,218,251,251,https://img.pokemondb.net/artwork/vulpix.jpg,https://pokemondb.net/pokedex/vulpix
Ninetales,Generation 1,0038,FIRE,,Fox Pokémon,1.1 m (3′07″),19.9 kg (43.9 lbs),73,76,75,81,100,100,256,141,139,150,184,184,350,276,273,287,328,328,https://img.pokemondb.net/artwork/ninetales.jpg,https://pokemondb.net/pokedex/ninetales
Jigglypuff,Generation 1,0039,NORMAL,FAIRY,Balloon Pokémon,0.5 m (1′08″),5.5 kg (12.1 lbs),115,45,20,45,25,20,340,85,40,85,49,40,434,207,152,207,163,152,https://img.pokemondb.net/artwork/jigglypuff.jpg,https://pokemondb.net/pokedex/jigglypuff
Wigglytuff,Generation 1,0040,NORMAL,FAIRY,Balloon Pokémon,1.0 m (3′03″),12.0 kg (26.5 lbs),140,70,45,85,50,45,390,130,85,157,94,85,484,262,207,295,218,207,https://img.pokemondb.net/artwork/wigglytuff.jpg,https://pokemondb.net/pokedex/wigglytuff
Zubat,Generation 1,0041,POISON,FLYING,Bat Pokémon,0.8 m (2′07″),7.5 kg (16.5 lbs),40,45,35,30,40,55,190,85,67,58,76,103,284,207,185,174,196,229,https://img.pokemondb.net/artwork/zubat.jpg,https://pokemondb.net/pokedex/zubat
Golbat,Generation 1,0042,POISON,FLYING,Bat Pokémon,1.6 m (5′03″),55.0 kg (121.3 lbs),75,80,70,65,75,90,260,148,130,121,139,166,354,284,262,251,273,306,https://img.pokemondb.net/artwork/golbat.jpg,https://pokemondb.net/pokedex/golbat
Oddish,Generation 1,0043,GRASS,POISON,Weed Pokémon,0.5 m (1′08″),5.4 kg (11.9 lbs),45,50,55,75,65,30,200,94,103,139,121,58,294,218,229,273,251,174,https://img.pokemondb.net/artwork/oddish.jpg,https://pokemondb.net/pokedex/oddish
Gloom,Generation 1,0044,GRASS,POISON,Weed Pokémon,0.8 m (2′07″),8.6 kg (19.0 lbs),60,65,70,85,75,40,230,121,130,157,139,76,324,251,262,295,273,196,https://img.pokemondb.net/artwork/gloom.jpg,https://pokemondb.net/pokedex/gloom
Vileplume,Generation 1,0045,GRASS,POISON,Flower Pokémon,1.2 m (3′11″),18.6 kg (41.0 lbs),75,80,85,110,90,50,260,148,157,202,166,94,354,284,295,350,306,218,https://img.pokemondb.net/artwork/vileplume.jpg,https://pokemondb.net/pokedex/vileplume
Paras,Generation 1,0046,BUG,GRASS,Mushroom Pokémon,0.3 m (1′00″),5.4 kg (11.9 lbs),35,70,55,45,55,25,180,130,103,85,103,49,274,262,229,207,229,163,https://img.pokemondb.net/artwork/paras.jpg,https://pokemondb.net/pokedex/paras
Parasect,Generation 1,0047,BUG,GRASS,Mushroom Pokémon,1.0 m (3′03″),29.5 kg (65.0 lbs),60,95,80,60,80,30,230,175,148,112,148,58,324,317,284,240,284,174,https://img.pokemondb.net/artwork/parasect.jpg,https://pokemondb.net/pokedex/parasect
Venonat,Generation 1,0048,BUG,POISON,Insect Pokémon,1.0 m (3′03″),30.0 kg (66.1 lbs),60,55,50,40,55,45,230,103,94,76,103,85,324,229,218,196,229,207,https://img.pokemondb.net/artwork/venonat.jpg,https://pokemondb.net/pokedex/venonat
Venomoth,Generation 1,0049,BUG,POISON,Poison Moth Pokémon,1.5 m (4′11″),12.5 kg (27.6 lbs),70,65,60,90,75,90,250,121,112,166,139,166,344,251,240,306,273,306,https://img.pokemondb.net/artwork/venomoth.jpg,https://pokemondb.net/pokedex/venomoth
Diglett,Generation 1,0050,GROUND,,Mole Pokémon,0.2 m (0′08″),0.8 kg (1.8 lbs),10,55,25,35,45,95,130,103,49,67,85,175,224,229,163,185,207,317,https://img.pokemondb.net/artwork/diglett.jpg,https://pokemondb.net/pokedex/diglett
Dugtrio,Generation 1,0051,GROUND,,Mole Pokémon,0.7 m (2′04″),33.3 kg (73.4 lbs),35,100,50,50,70,120,180,184,94,94,130,220,274,328,218,218,262,372,https://img.pokemondb.net/artwork/dugtrio.jpg,https://pokemondb.net/pokedex/dugtrio
Meowth,Generation 1,0052,NORMAL,,Scratch Cat Pokémon,0.4 m (1′04″),4.2 kg (9.3 lbs),40,45,35,40,40,90,190,85,67,76,76,166,284,207,185,196,196,306,https://img.pokemondb.net/artwork/meowth.jpg,https://pokemondb.net/pokedex/meowth
Persian,Generation 1,0053,NORMAL,,Classy Cat Pokémon,1.0 m (3′03″),32.0 kg (70.5 lbs),65,70,60,65,65,115,240,130,112,121,121,211,334,262,240,251,251,361,https://img.pokemondb.net/artwork/persian.jpg,https://pokemondb.net/pokedex/persian
Psyduck,Generation 1,0054,WATER,,Duck Pokémon,0.8 m (2′07″),19.6 kg (43.2 lbs),50,52,48,65,50,55,210,98,90,121,94,103,304,223,214,251,218,229,https://img.pokemondb.net/artwork/psyduck.jpg,https://pokemondb.net/pokedex/psyduck
Golduck,Generation 1,0055,WATER,,Duck Pokémon,1.7 m (5′07″),76.6 kg (168.9 lbs),80,82,78,95,80,85,270,152,144,175,148,157,364,289,280,317,284,295,https://img.pokemondb.net/artwork/golduck.jpg,https://pokemondb.net/pokedex/golduck
Mankey,Generation 1,0056,FIGHTING,,Pig Monkey Pokémon,0.5 m (1′08″),28.0 kg (61.7 lbs),40,80,35,35,45,70,190,148,67,67,85,130,284,284,185,185,207,262,https://img.pokemondb.net/artwork/mankey.jpg,https://pokemondb.net/pokedex/mankey
Primeape,Generation 1,0057,FIGHTING,,Pig Monkey Pokémon,1.0 m (3′03″),32.0 kg (70.5 lbs),65,105,60,60,70,95,240,193,112,112,130,175,334,339,240,240,262,317,https://img.pokemondb.net/artwork/primeape.jpg,https://pokemondb.net/pokedex/primeape
Growlithe,Generation 1,0058,FIRE,,Puppy Pokémon,0.7 m (2′04″),19.0 kg (41.9 lbs),55,70,45,70,50,60,220,130,85,130,94,112,314,262,207,262,218,240,https://img.pokemondb.net/artwork/growlithe.jpg,https://pokemondb.net/pokedex/growlithe
Arcanine,Generation 1,0059,FIRE,,Legendary Pokémon,1.9 m (6′03″),155.0 kg (341.7 lbs),90,110,80,100,80,95,290,202,148,184,148,175,384,350,284,328,284,317,https://img.pokemondb.net/artwork/arcanine.jpg,https://pokemondb.net/pokedex/arcanine
Poliwag,Generation 1,0060,WATER,,Tadpole Pokémon,0.6 m (2′00″),12.4 kg (27.3 lbs),40,50,40,40,40,90,190,94,76,76,76,166,284,218,196,196,196,306,https://img.pokemondb.net/artwork/poliwag.jpg,https://pokemondb.net/pokedex/poliwag
Poliwhirl,Generation 1,0061,WATER,,Tadpole Pokémon,1.0 m (3′03″),20.0 kg (44.1 lbs),65,65,65,50,50,90,240,121,121,94,94,166,334,251,251,218,218,306,https://img.pokemondb.net/artwork/poliwhirl.jpg,https://pokemondb.net/pokedex/poliwhirl
Poliwrath,Generation 1,0062,WATER,FIGHTING,Tadpole Pokémon,1.3 m (4′03″),54.0 kg (119.0 lbs),90,95,95,70,90,70,290,175,175,130,166,130,384,317,317,262,306,262,https://img.pokemondb.net/artwork/poliwrath.jpg,https://pokemondb.net/pokedex/poliwrath
Abra,Generation 1,0063,PSYCHIC,,Psi Pokémon,0.9 m (2′11″),19.5 kg (43.0 lbs),25,20,15,105,55,90,160,40,31,193,103,166,254,152,141,339,229,306,https://img.pokemondb.net/artwork/abra.jpg,https://pokemondb.net/pokedex/abra
Kadabra,Generation 1,0064,PSYCHIC,,Psi Pokémon,1.3 m (4′03″),56.5 kg (124.6 lbs),40,35,30,120,70,105,190,67,58,220,130,193,284,185,174,372,262,339,https://img.pokemondb.net/artwork/kadabra.jpg,https://pokemondb.net/pokedex/kadabra
Alakazam,Generation 1,0065,PSYCHIC,,Psi Pokémon,1.5 m (4′11″),48.0 kg (105.8 lbs),55,50,45,135,95,120,220,94,85,247,175,220,314,218,207,405,317,372,https://img.pokemondb.net/artwork/alakazam.jpg,https://pokemondb.net/pokedex/alakazam
Machop,Generation 1,0066,FIGHTING,,Superpower Pokémon,0.8 m (2′07″),19.5 kg (43.0 lbs),70,80,50,35,35,35,250,148,94,67,67,67,344,284,218,185,185,185,https://img.pokemondb.net/artwork/machop.jpg,https://pokemondb.net/pokedex/machop
Machoke,Generation 1,0067,FIGHTING,,Superpower Pokémon,1.5 m (4′11″),70.5 kg (155.4 lbs),80,100,70,50,60,45,270,184,130,94,112,85,364,328,262,218,240,207,https://img.pokemondb.net/artwork/machoke.jpg,https://pokemondb.net/pokedex/machoke
Machamp,Generation 1,0068,FIGHTING,,Superpower Pokémon,1.6 m (5′03″),130.0 kg (286.6 lbs),90,130,80,65,85,55,290,238,148,121,157,103,384,394,284,251,295,229,https://img.pokemondb.net/artwork/machamp.jpg,https://pokemondb.net/pokedex/machamp
Bellsprout,Generation 1,0069,GRASS,POISON,Flower Pokémon,0.7 m (2′04″),4.0 kg (8.8 lbs),50,75,35,70,30,40,210,139,67,130,58,76,304,273,185,262,174,196,https://img.pokemondb.net/artwork/bellsprout.jpg,https://pokemondb.net/pokedex/bellsprout
Weepinbell,Generation 1,0070,GRASS,POISON,Flycatcher Pokémon,1.0 m (3′03″),6.4 kg (14.1 lbs),65,90,50,85,45,55,240,166,94,157,85,103,334,306,218,295,207,229,https://img.pokemondb.net/artwork/weepinbell.jpg,https://pokemondb.net/pokedex/weepinbell
Victreebel,Generation 1,0071,GRASS,POISON,Flycatcher Pokémon,1.7 m (5′07″),15.5 kg (34.2 lbs),80,105,65,100,70,70,270,193,121,184,130,130,364,339,251,328,262,262,https://img.pokemondb.net/artwork/victreebel.jpg,https://pokemondb.net/pokedex/victreebel
Tentacool,Generation 1,0072,WATER,POISON,Jellyfish Pokémon,0.9 m (2′11″),45.5 kg (100.3 lbs),40,40,35,50,100,70,190,76,67,94,184,130,284,196,185,218,328,262,https://img.pokemondb.net/artwork/tentacool.jpg,https://pokemondb.net/pokedex/tentacool
Tentacruel,Generation 1,0073,WATER,POISON,Jellyfish Pokémon,1.6 m (5′03″),55.0 kg (121.3 lbs),80,70,65,80,120,100,270,130,121,148,220,184,364,262,251,284,372,328,https://img.pokemondb.net/artwork/tentacruel.jpg,https://pokemondb.net/pokedex/tentacruel
Geodude,Generation 1,0074,ROCK,GROUND,Rock Pokémon,0.4 m (1′04″),20.0 kg (44.1 lbs),40,80,100,30,30,20,190,148,184,58,58,40,284,284,328,174,174,152,https://img.pokemondb.net/artwork/geodude.jpg,https://pokemondb.net/pokedex/geodude
Graveler,Generation 1,0075,ROCK,GROUND,Rock Pokémon,1.0 m (3′03″),105.0 kg (231.5 lbs),55,95,115,45,45,35,220,175,211,85,85,67,314,317,361,207,207,185,https://img.pokemondb.net/artwork/graveler.jpg,https://pokemondb.net/pokedex/graveler
Golem,Generation 1,0076,ROCK,GROUND,Megaton Pokémon,1.4 m (4′07″),300.0 kg (661.4 lbs),80,120,130,55,65,45,270,220,238,103,121,85,364,372,394,229,251,207,https://img.pokemondb.net/artwork/golem.jpg,https://pokemondb.net/pokedex/golem
Ponyta,Generation 1,0077,FIRE,,Fire Horse Pokémon,1.0 m (3′03″),30.0 kg (66.1 lbs),50,85,55,65,65,90,210,157,103,121,121,166,304,295,229,251,251,306,https://img.pokemondb.net/artwork/ponyta.jpg,https://pokemondb.net/pokedex/ponyta
Rapidash,Generation 1,0078,FIRE,,Fire Horse Pokémon,1.7 m (5′07″),95.0 kg (209.4 lbs),65,100,70,80,80,105,240,184,130,148,148,193,334,328,262,284,284,339,https://img.pokemondb.net/artwork/rapidash.jpg,https://pokemondb.net/pokedex/rapidash
Slowpoke,Generation 1,0079,WATER,PSYCHIC,Dopey Pokémon,1.2 m (3′11″),36.0 kg (79.4 lbs),90,65,65,40,40,15,290,121,121,76,76,31,384,251,251,196,196,141,https://img.pokemondb.net/artwork/slowpoke.jpg,https://pokemondb.net/pokedex/slowpoke
Slowbro,Generation 1,0080,WATER,PSYCHIC,Hermit Crab Pokémon,1.6 m (5′03″),78.5 kg (173.1 lbs),95,75,110,100,80,30,300,139,202,184,148,58,394,273,350,328,284,174,https://img.pokemondb.net/artwork/slowbro.jpg,https://pokemondb.net/pokedex/slowbro
Magnemite,Generation 1,0081,ELECTRIC,STEEL,Magnet Pokémon,0.3 m (1′00″),6.0 kg (13.2 lbs),25,35,70,95,55,45,160,67,130,175,103,85,254,185,262,317,229,207,https://img.pokemondb.net/artwork/magnemite.jpg,https://pokemondb.net/pokedex/magnemite
Magneton,Generation 1,0082,ELECTRIC,STEEL,Magnet Pokémon,1.0 m (3′03″),60.0 kg (132.3 lbs),50,60,95,120,70,70,210,112,175,220,130,130,304,240,317,372,262,262,https://img.pokemondb.net/artwork/magneton.jpg,https://pokemondb.net/pokedex/magneton
Farfetch'd,Generation 1,0083,NORMAL,FLYING,Wild Duck Pokémon,0.8 m (2′07″),15.0 kg (33.1 lbs),52,90,55,58,62,60,214,166,103,108,116,112,308,306,229,236,245,240,https://img.pokemondb.net/artwork/farfetchd.jpg,https://pokemondb.net/pokedex/farfetchd
Doduo,Generation 1,0084,NORMAL,FLYING,Twin Bird Pokémon,1.4 m (4′07″),39.2 kg (86.4 lbs),35,85,45,35,35,75,180,157,85,67,67,139,274,295,207,185,185,273,https://img.pokemondb.net/artwork/doduo.jpg,https://pokemondb.net/pokedex/doduo
Dodrio,Generation 1,0085,NORMAL,FLYING,Triple Bird Pokémon,1.8 m (5′11″),85.2 kg (187.8 lbs),60,110,70,60,60,110,230,202,130,112,112,202,324,350,262,240,240,350,https://img.pokemondb.net/artwork/dodrio.jpg,https://pokemondb.net/pokedex/dodrio
Seel,Generation 1,0086,WATER,,Sea Lion Pokémon,1.1 m (3′07″),90.0 kg (198.4 lbs),65,45,55,45,70,45,240,85,103,85,130,85,334,207,229,207,262,207,https://img.pokemondb.net/artwork/seel.jpg,https://pokemondb.net/pokedex/seel
Dewgong,Generation 1,0087,WATER,ICE,Sea Lion Pokémon,1.7 m (5′07″),120.0 kg (264.6 lbs),90,70,80,70,95,70,290,130,148,130,175,130,384,262,284,262,317,262,https://img.pokemondb.net/artwork/dewgong.jpg,https://pokemondb.net/pokedex/dewgong
Grimer,Generation 1,0088,POISON,,Sludge Pokémon,0.9 m (2′11″),30.0 kg (66.1 lbs),80,80,50,40,50,25,270,148,94,76,94,49,364,284,218,196,218,163,https://img.pokemondb.net/artwork/grimer.jpg,https://pokemondb.net/pokedex/grimer
Muk,Generation 1,0089,POISON,,Sludge Pokémon,1.2 m (3′11″),30.0 kg (66.1 lbs),105,105,75,65,100,50,320,193,139,121,184,94,414,339,273,251,328,218,https://img.pokemondb.net/artwork/muk.jpg,https://pokemondb.net/pokedex/muk
Shellder,Generation 1,0090,WATER,,Bivalve Pokémon,0.3 m (1′00″),4.0 kg (8.8 lbs),30,65,100,45,25,40,170,121,184,85,49,76,264,251,328,207,163,196,https://img.pokemondb.net/artwork/shellder.jpg,https://pokemondb.net/pokedex/shellder
Cloyster,Generation 1,0091,WATER,ICE,Bivalve Pokémon,1.5 m (4′11″),132.5 kg (292.1 lbs),50,95,180,85,45,70,210,175,328,157,85,130,304,317,504,295,207,262,https://img.pokemondb.net/artwork/cloyster.jpg,https://pokemondb.net/pokedex/cloyster
Gastly,Generation 1,0092,GHOST,POISON,Gas Pokémon,1.3 m (4′03″),0.1 kg (0.2 lbs),30,35,30,100,35,80,170,67,58,184,67,148,264,185,174,328,185,284,https://img.pokemondb.net/artwork/gastly.jpg,https://pokemondb.net/pokedex/gastly
Haunter,Generation 1,0093,GHOST,POISON,Gas Pokémon,1.6 m (5′03″),0.1 kg (0.2 lbs),45,50,45,115,55,95,200,94,85,211,103,175,294,218,207,361,229,317,https://img.pokemondb.net/artwork/haunter.jpg,https://pokemondb.net/pokedex/haunter
Gengar,Generation 1,0094,GHOST,POISON,Shadow Pokémon,1.5 m (4′11″),40.5 kg (89.3 lbs),60,65,60,130,75,110,230,121,112,238,139,202,324,251,240,394,273,350,https://img.pokemondb.net/artwork/gengar.jpg,https://pokemondb.net/pokedex/gengar
Onix,Generation 1,0095,ROCK,GROUND,Rock Snake Pokémon,8.8 m (28′10″),210.0 kg (463.0 lbs),35,45,160,30,45,70,180,85,292,58,85,130,274,207,460,174,207,262,https://img.pokemondb.net/artwork/onix.jpg,https://pokemondb.net/pokedex/onix
Drowzee,Generation 1,0096,PSYCHIC,,Hypnosis Pokémon,1.0 m (3′03″),32.4 kg (71.4 lbs),60,48,45,43,90,42,230,90,85,81,166,80,324,214,207,203,306,201,https://img.pokemondb.net/artwork/drowzee.jpg,https://pokemondb.net/pokedex/drowzee
Hypno,Generation 1,0097,PSYCHIC,,Hypnosis Pokémon,1.6 m (5′03″),75.6 kg (166.7 lbs),85,73,70,73,115,67,280,135,130,135,211,125,374,269,262,269,361,256,https://img.pokemondb.net/artwork/hypno.jpg,https://pokemondb.net/pokedex/hypno
Krabby,Generation 1,0098,WATER,,River Crab Pokémon,0.4 m (1′04″),6.5 kg (14.3 lbs),30,105,90,25,25,50,170,193,166,49,49,94,264,339,306,163,163,218,https://img.pokemondb.net/artwork/krabby.jpg,https://pokemondb.net/pokedex/krabby
Kingler,Generation 1,0099,WATER,,Pincer Pokémon,1.3 m (4′03″),60.0 kg (132.3 lbs),55,130,115,50,50,75,220,238,211,94,94,139,314,394,361,218,218,273,https://img.pokemondb.net/artwork/kingler.jpg,https://pokemondb.net/pokedex/kingler
Voltorb,Generation 1,0100,ELECTRIC,,Ball Pokémon,0.5 m (1′08″),10.4 kg (22.9 lbs),40,30,50,55,55,100,190,58,94,103,103,184,284,174,218,229,229,328,https://img.pokemondb.net/artwork/voltorb.jpg,https://pokemondb.net/pokedex/voltorb
Electrode,Generation 1,0101,ELECTRIC,,Ball Pokémon,1.2 m (3′11″),66.6 kg (146.8 lbs),60,50,70,80,80,150,230,94,130,148,148,274,324,218,262,284,284,438,https://img.pokemondb.net/artwork/electrode.jpg,https://pokemondb.net/pokedex/electrode
Exeggcute,Generation 1,0102,GRASS,PSYCHIC,Egg Pokémon,0.4 m (1′04″),2.5 kg (5.5 lbs),60,40,80,60,45,40,230,76,148,112,85,76,324,196,284,240,207,196,https://img.pokemondb.net/artwork/exeggcute.jpg,https://pokemondb.net/pokedex/exeggcute
Exeggutor,Generation 1,0103,GRASS,PSYCHIC,Coconut Pokémon,2.0 m (6′07″),120.0 kg (264.6 lbs),95,95,85,125,75,55,300,175,157,229,139,103,394,317,295,383,273,229,https://img.pokemondb.net/artwork/exeggutor.jpg,https://pokemondb.net/pokedex/exeggutor
Cubone,Generation 1,0104,GROUND,,Lonely Pokémon,0.4 m (1′04″),6.5 kg (14.3 lbs),50,50,95,40,50,35,210,94,175,76,94,67,304,218,317,196,218,185,https://img.pokemondb.net/artwork/cubone.jpg,https://pokemondb.net/pokedex/cubone
Marowak,Generation 1,0105,GROUND,,Bone Keeper Pokémon,1.0 m (3′03″),45.0 kg (99.2 lbs),60,80,110,50,80,45,230,148,202,94,148,85,324,284,350,218,284,207,https://img.pokemondb.net/artwork/marowak.jpg,https://pokemondb.net/pokedex/marowak
Hitmonlee,Generation 1,0106,FIGHTING,,Kicking Pokémon,1.5 m (4′11″),49.8 kg (109.8 lbs),50,120,53,35,110,87,210,220,99,67,202,161,304,372,225,185,350,300,https://img.pokemondb.net/artwork/hitmonlee.jpg,https://pokemondb.net/pokedex/hitmonlee
Hitmonchan,Generation 1,0107,FIGHTING,,Punching Pokémon,1.4 m (4′07″),50.2 kg (110.7 lbs),50,105,79,35,110,76,210,193,146,67,202,141,304,339,282,185,350,276,https://img.pokemondb.net/artwork/hitmonchan.jpg,https://pokemondb.net/pokedex/hitmonchan
Lickitung,Generation 1,0108,NORMAL,,Licking Pokémon,1.2 m (3′11″),65.5 kg (144.4 lbs),90,55,75,60,75,30,290,103,139,112,139,58,384,229,273,240,273,174,https://img.pokemondb.net/artwork/lickitung.jpg,https://pokemondb.net/pokedex/lickitung
Koffing,Generation 1,0109,POISON,,Poison Gas Pokémon,0.6 m (2′00″),1.0 kg (2.2 lbs),40,65,95,60,45,35,190,121,175,112,85,67,284,251,317,240,207,185,https://img.pokemondb.net/artwork/koffing.jpg,https://pokemondb.net/pokedex/koffing
Weezing,Generation 1,0110,POISON,,Poison Gas Pokémon,1.2 m (3′11″),9.5 kg (20.9 lbs),65,90,120,85,70,60,240,166,220,157,130,112,334,306,372,295,262,240,https://img.pokemondb.net/artwork/weezing.jpg,https://pokemondb.net/pokedex/weezing
Rhyhorn,Generation 1,0111,GROUND,ROCK,Spikes Pokémon,1.0 m (3′03″),115.0 kg (253.5 lbs),80,85,95,30,30,25,270,157,175,58,58,49,364,295,317,174,174,163,https://img.pokemondb.net/artwork/rhyhorn.jpg,https://pokemondb.net/pokedex/rhyhorn
Rhydon,Generation 1,0112,GROUND,ROCK,Drill Pokémon,1.9 m (6′03″),120.0 kg (264.6 lbs),105,130,120,45,45,40,320,238,220,85,85,76,414,394,372,207,207,196,https://img.pokemondb.net/artwork/rhydon.jpg,https://pokemondb.net/pokedex/rhydon
Chansey,Generation 1,0113,NORMAL,,Egg Pokémon,1.1 m (3′07″),34.6 kg (76.3 lbs),250,5,5,35,105,50,610,13,13,67,193,94,704,119,119,185,339,218,https://img.pokemondb.net/artwork/chansey.jpg,https://pokemondb.net/pokedex/chansey
Tangela,Generation 1,0114,GRASS,,Vine Pokémon,1.0 m (3′03″),35.0 kg (77.2 lbs),65,55,115,100,40,60,240,103,211,184,76,112,334,229,361,328,196,240,https://img.pokemondb.net/artwork/tangela.jpg,https://pokemondb.net/pokedex/tangela
Kangaskhan,Generation 1,0115,NORMAL,,Parent Pokémon,2.2 m (7′03″),80.0 kg (176.4 lbs),105,95,80,40,80,90,320,175,148,76,148,166,414,317,284,196,284,306,https://img.pokemondb.net/artwork/kangaskhan.jpg,https://pokemondb.net/pokedex/kangaskhan
Horsea,Generation 1,0116,WATER,,Dragon Pokémon,0.4 m (1′04″),8.0 kg (17.6 lbs),30,40,70,70,25,60,170,76,130,130,49,112,264,196,262,262,163,240,https://img.pokemondb.net/artwork/horsea.jpg,https://pokemondb.net/pokedex/horsea
Seadra,Generation 1,0117,WATER,,Dragon Pokémon,1.2 m (3′11″),25.0 kg (55.1 lbs),55,65,95,95,45,85,220,121,175,175,85,157,314,251,317,317,207,295,https://img.pokemondb.net/artwork/seadra.jpg,https://pokemondb.net/pokedex/seadra
Goldeen,Generation 1,0118,WATER,,Goldfish Pokémon,0.6 m (2′00″),15.0 kg (33.1 lbs),45,67,60,35,50,63,200,125,112,67,94,117,294,256,240,185,218,247,https://img.pokemondb.net/artwork/goldeen.jpg,https://pokemondb.net/pokedex/goldeen
Seaking,Generation 1,0119,WATER,,Goldfish Pokémon,1.3 m (4′03″),39.0 kg (86.0 lbs),80,92,65,65,80,68,270,170,121,121,148,126,364,311,251,251,284,258,https://img.pokemondb.net/artwork/seaking.jpg,https://pokemondb.net/pokedex/seaking
Staryu,Generation 1,0120,WATER,,Star Shape Pokémon,0.8 m (2′07″),34.5 kg (76.1 lbs),30,45,55,70,55,85,170,85,103,130,103,157,264,207,229,262,229,295,https://img.pokemondb.net/artwork/staryu.jpg,https://pokemondb.net/pokedex/staryu
Starmie,Generation 1,0121,WATER,PSYCHIC,Mysterious Pokémon,1.1 m (3′07″),80.0 kg (176.4 lbs),60,75,85,100,85,115,230,139,157,184,157,211,324,273,295,328,295,361,https://img.pokemondb.net/artwork/starmie.jpg,https://pokemondb.net/pokedex/starmie
Mr. Mime,Generation 1,0122,PSYCHIC,FAIRY,Barrier Pokémon,1.3 m (4′03″),54.5 kg (120.2 lbs),40,45,65,100,120,90,190,85,121,184,220,166,284,207,251,328,372,306,https://img.pokemondb.net/artwork/mr-mime.jpg,https://pokemondb.net/pokedex/mr-mime
Scyther,Generation 1,0123,BUG,FLYING,Mantis Pokémon,1.5 m (4′11″),56.0 kg (123.5 lbs),70,110,80,55,80,105,250,202,148,103,148,193,344,350,284,229,284,339,https://img.pokemondb.net/artwork/scyther.jpg,https://pokemondb.net/pokedex/scyther
Jynx,Generation 1,0124,ICE,PSYCHIC,Human Shape Pokémon,1.4 m (4′07″),40.6 kg (89.5 lbs),65,50,35,115,95,95,240,94,67,211,175,175,334,218,185,361,317,317,https://img.pokemondb.net/artwork/jynx.jpg,https://pokemondb.net/pokedex/jynx
Electabuzz,Generation 1,0125,ELECTRIC,,Electric Pokémon,1.1 m (3′07″),30.0 kg (66.1 lbs),65,83,57,95,85,105,240,153,107,175,157,193,334,291,234,317,295,339,https://img.pokemondb.net/artwork/electabuzz.jpg,https://pokemondb.net/pokedex/electabuzz
Magmar,Generation 1,0126,FIRE,,Spitfire Pokémon,1.3 m (4′03″),44.5 kg (98.1 lbs),65,95,57,100,85,93,240,175,107,184,157,171,334,317,234,328,295,313,https://img.pokemondb.net/artwork/magmar.jpg,https://pokemondb.net/pokedex/magmar
Pinsir,Generation 1,0127,BUG,,Stag Beetle Pokémon,1.5 m (4′11″),55.0 kg (121.3 lbs),65,125,100,55,70,85,240,229,184,103,130,157,334,383,328,229,262,295,https://img.pokemondb.net/artwork/pinsir.jpg,https://pokemondb.net/pokedex/pinsir
Tauros,Generation 1,0128,NORMAL,,Wild Bull Pokémon,1.4 m (4′07″),88.4 kg (194.9 lbs),75,100,95,40,70,110,260,184,175,76,130,202,354,328,317,196,262,350,https://img.pokemondb.net/artwork/tauros.jpg,https://pokemondb.net/pokedex/tauros
Magikarp,Generation 1,0129,WATER,,Fish Pokémon,0.9 m (2′11″),10.0 kg (22.0 lbs),20,10,55,15,20,80,150,22,103,31,40,148,244,130,229,141,152,284,https://img.pokemondb.net/artwork/magikarp.jpg,https://pokemondb.net/pokedex/magikarp
Gyarados,Generation 1,0130,WATER,FLYING,Atrocious Pokémon,6.5 m (21′04″),235.0 kg (518.1 lbs),95,125,79,60,100,81,300,229,146,112,184,150,394,383,282,240,328,287,https://img.pokemondb.net/artwork/gyarados.jpg,https://pokemondb.net/pokedex/gyarados
Lapras,Generation 1,0131,WATER,ICE,Transport Pokémon,2.5 m (8′02″),220.0 kg (485.0 lbs),130,85,80,85,95,60,370,157,148,157,175,112,464,295,284,295,317,240,https://img.pokemondb.net/artwork/lapras.jpg,https://pokemondb.net/pokedex/lapras
Ditto,Generation 1,0132,NORMAL,,Transform Pokémon,0.3 m (1′00″),4.0 kg (8.8 lbs),48,48,48,48,48,48,206,90,90,90,90,90,300,214,214,214,214,214,https://img.pokemondb.net/artwork/ditto.jpg,https://pokemondb.net/pokedex/ditto
Eevee,Generation 1,0133,NORMAL,,Evolution Pokémon,0.3 m (1′00″),6.5 kg (14.3 lbs),55,55,50,45,65,55,220,103,94,85,121,103,314,229,218,207,251,229,https://img.pokemondb.net/artwork/eevee.jpg,https://pokemondb.net/pokedex/eevee
Vaporeon,Generation 1,0134,WATER,,Bubble Jet Pokémon,1.0 m (3′03″),29.0 kg (63.9 lbs),130,65,60,110,95,65,370,121,112,202,175,121,464,251,240,350,317,251,https://img.pokemondb.net/artwork/vaporeon.jpg,https://pokemondb.net/pokedex/vaporeon
Jolteon,Generation 1,0135,ELECTRIC,,Lightning Pokémon,0.8 m (2′07″),24.5 kg (54.0 lbs),65,65,60,110,95,130,240,121,112,202,175,238,334,251,240,350,317,394,https://img.pokemondb.net/artwork/jolteon.jpg,https://pokemondb.net/pokedex/jolteon
Flareon,Generation 1,0136,FIRE,,Flame Pokémon,0.9 m (2′11″),25.0 kg (55.1 lbs),65,130,60,95,110,65,240,238,112,175,202,121,334,394,240,317,350,251,https://img.pokemondb.net/artwork/flareon.jpg,https://pokemondb.net/pokedex/flareon
Porygon,Generation 1,0137,NORMAL,,Virtual Pokémon,0.8 m (2′07″),36.5 kg (80.5 lbs),65,60,70,85,75,40,240,112,130,157,139,76,334,240,262,295,273,196,https://img.pokemondb.net/artwork/porygon.jpg,https://pokemondb.net/pokedex/porygon
Omanyte,Generation 1,0138,ROCK,WATER,Spiral Pokémon,0.4 m (1′04″),7.5 kg (16.5 lbs),35,40,100,90,55,35,180,76,184,166,103,67,274,196,328,306,229,185,https://img.pokemondb.net/artwork/omanyte.jpg,https://pokemondb.net/pokedex/omanyte
Omastar,Generation 1,0139,ROCK,WATER,Spiral Pokémon,1.0 m (3′03″),35.0 kg (77.2 lbs),70,60,125,115,70,55,250,112,229,211,130,103,344,240,383,361,262,229,https://img.pokemondb.net/artwork/omastar.jpg,https://pokemondb.net/pokedex/omastar
Kabuto,Generation 1,0140,ROCK,WATER,Shellfish Pokémon,0.5 m (1′08″),11.5 kg (25.4 lbs),30,80,90,55,45,55,170,148,166,103,85,103,264,284,306,229,207,229,https://img.pokemondb.net/artwork/kabuto.jpg,https://pokemondb.net/pokedex/kabuto
Kabutops,Generation 1,0141,ROCK,WATER,Shellfish Pokémon,1.3 m (4′03″),40.5 kg (89.3 lbs),60,115,105,65,70,80,230,211,193,121,130,148,324,361,339,251,262,284,https://img.pokemondb.net/artwork/kabutops.jpg,https://pokemondb.net/pokedex/kabutops
Aerodactyl,Generation 1,0142,ROCK,FLYING,Fossil Pokémon,1.8 m (5′11″),59.0 kg (130.1 lbs),80,105,65,60,75,130,270,193,121,112,139,238,364,339,251,240,273,394,https://img.pokemondb.net/artwork/aerodactyl.jpg,https://pokemondb.net/pokedex/aerodactyl
Snorlax,Generation 1,0143,NORMAL,,Sleeping Pokémon,2.1 m (6′11″),460.0 kg (1014.1 lbs),160,110,65,65,110,30,430,202,121,121,202,58,524,350,251,251,350,174,https://img.pokemondb.net/artwork/snorlax.jpg,https://pokemondb.net/pokedex/snorlax
Articuno,Generation 1,0144,ICE,FLYING,Freeze Pokémon,1.7 m (5′07″),55.4 kg (122.1 lbs),90,85,100,95,125,85,290,157,184,175,229,157,384,295,328,317,383,295,https://img.pokemondb.net/artwork/articuno.jpg,https://pokemondb.net/pokedex/articuno
Zapdos,Generation 1,0145,ELECTRIC,FLYING,Electric Pokémon,1.6 m (5′03″),52.6 kg (116.0 lbs),90,90,85,125,90,100,290,166,157,229,166,184,384,306,295,383,306,328,https://img.pokemondb.net/artwork/zapdos.jpg,https://pokemondb.net/pokedex/zapdos
Moltres,Generation 1,0146,FIRE,FLYING,Flame Pokémon,2.0 m (6′07″),60.0 kg (132.3 lbs),90,100,90,125,85,90,290,184,166,229,157,166,384,328,306,383,295,306,https://img.pokemondb.net/artwork/moltres.jpg,https://pokemondb.net/pokedex/moltres
Dratini,Generation 1,0147,DRAGON,,Dragon Pokémon,1.8 m (5′11″),3.3 kg (7.3 lbs),41,64,45,50,50,50,192,119,85,94,94,94,286,249,207,218,218,218,https://img.pokemondb.net/artwork/dratini.jpg,https://pokemondb.net/pokedex/dratini
Dragonair,Generation 1,0148,DRAGON,,Dragon Pokémon,4.0 m (13′01″),16.5 kg (36.4 lbs),61,84,65,70,70,70,232,155,121,130,130,130,326,293,251,262,262,262,https://img.pokemondb.net/artwork/dragonair.jpg,https://pokemondb.net/pokedex/dragonair
Dragonite,Generation 1,0149,DRAGON,FLYING,Dragon Pokémon,2.2 m (7′03″),210.0 kg (463.0 lbs),91,134,95,100,100,80,292,245,175,184,184,148,386,403,317,328,328,284,https://img.pokemondb.net/artwork/dragonite.jpg,https://pokemondb.net/pokedex/dragonite
Mewtwo,Generation 1,0150,PSYCHIC,,Genetic Pokémon,2.0 m (6′07″),122.0 kg (269.0 lbs),106,110,90,154,90,130,322,202,166,281,166,238,416,350,306,447,306,394,https://img.pokemondb.net/artwork/mewtwo.jpg,https://pokemondb.net/pokedex/mewtwo
Mew,Generation 1,0151,PSYCHIC,,New Species Pokémon,0.4 m (1′04″),4.0 kg (8.8 lbs),100,100,100,100,100,100,310,184,184,184,184,184,404,328,328,328,328,328,https://img.pokemondb.net/artwork/mew.jpg,https://pokemondb.net/pokedex/mew
